label_id,label
dtqvizq,-1
dtqvjhk,-1
dtqvk29,1
dtqvkec,1
dtqvlho,1
dtqvlia,-1
dtqvlor,1
dtqvlqk,1
dtqvmkx,1
dtqvml7,-1
dtqvmzr,1
dtqvn6i,1
dtqvnle,1
dtqvo1m,1
dtqvo5y,1
dtqvocd,1
dtqvorr,-1
dtqvp30,1
dtqvq19,-1
dtqvr34,1
dtqvr8j,1
dtqvsai,1
dtqvsks,-1
dtqvsvu,0
dtqvu0i,-1
dtqvurf,-1
dtqvv8p,-1
dtqvvsm,1
dtqvw88,0
dtqvxcm,-1
dtqvyr8,-1
dtqvyzw,1
dtqvz0m,0
dtqvz3a,0
dtqw0cx,0
dtqw21g,-1
dtqw2e7,-1
dtqw2kb,-1
dtqw3wf,0
dtqw4lj,0
dtqw50h,0
dtqw556,0
dtqw5g8,1
dtqw5nj,-1
dtqw5r7,1
dtqopnt,-1
dtqor3w,1
dtqosvt,0
dtqot6g,1
dtqoy4u,1
dtqp720,-1
dtqp7k3,-1
dtqp81u,-1
dtqp8jb,0
dtqp9bf,0
dtqp9vz,-1
dtqpbp0,0
dtqpdfc,-1
dtqpdzc,-1
dtqpg3j,0
dtqpg9e,-1
dtqpiaf,1
dtqpjre,-1
dtqpjz2,0
dtqpk8z,1
dtqpkun,0
dtqpl1l,-1
dtqpm8b,-1
dtqpmpm,1
dtqpmu7,1
dtqpnpu,0
dtqpovw,0
dtqpqao,0
dtqprpb,0
dtqpsy3,0
dtqpsyk,-1
dtqpua0,0
dtqpumf,-1
dtqpv5c,0
dtqpv8q,-1
dtqpw9h,-1
dtqpwwo,-1
dtqpx5r,-1
dtqpymn,-1
dtqpyu1,0
dtqpyxu,-1
dtqpzqt,-1
dtqpzxc,0
dtqq0k5,-1
dtqq1gi,0
dtqq276,-1
dtqq2na,1
dtqq2rm,-1
dtqq391,1
dtqq3vx,1
dtqq49p,0
dtqq6vo,1
dtqq7b1,1
dtqq7fv,1
dtqq875,-1
dtqq8bx,-1
dtqq8p1,0
dtqq8ug,1
dtqq8zv,0
dtqqbd0,0
dtqqgcd,-1
dtqqiqy,-1
dtqqj0f,1
dtqqjdb,0
dtqqjn1,-1
dtqqjso,0
dtqqkft,1
dtqqktc,1
dtqql9b,0
dtqqlxz,-1
dtqqmax,-1
dtqqmn2,0
dtqqnmb,0
dtqqof7,1
dtqqovg,1
dtqqpb4,1
dtqqpps,-1
dtqqq7w,1
dtqqrek,1
dtqqsnx,-1
dtqqstq,0
dtqqtki,-1
dtqqw6d,-1
dtqqwph,1
dtqqx3x,-1
dtqqxip,-1
dtqqxoy,1
dtqqxsm,1
dtqqyjr,-1
dtqqyti,-1
dtqqyxh,-1
dtqqzbo,1
dtqqzpa,0
dtqqzw0,0
dtqqzxm,1
dtqqzy4,0
dtqr0si,0
dtqr10o,-1
dtqr22t,1
dtqr23i,-1
dtqr2vk,0
dtqr32r,-1
dtqr3b4,-1
dtqr3qb,-1
dtqr497,0
dtqr4du,0
dtqr71o,1
dtqr8hq,0
dtqr8yl,0
dtqrb9c,-1
dtqrc6p,-1
dtqrd01,-1
dtqrdgv,0
dtqreaf,0
dtqrexf,1
dtqrg2l,1
dtqrg5u,-1
dtqrgq7,0
dtqrh4u,0
dtqrh50,1
dtqrhjj,-1
dtqrj2z,-1
dtqrllh,-1
dtqrlrr,1
dtqrnpd,-1
dtqro3x,-1
dtqro70,-1
dtqrpuq,1
dtqrq9l,1
dtqrr11,1
dtqrr2o,1
dtqrres,1
dtqrrq0,1
dtqrs32,-1
dtqrs9x,-1
dtqrsdk,-1
dtqrsdx,-1
dtqwb8s,0
dtqwbgw,1
dtqwby6,0
dtqwcqq,1
dtqwdbz,0
dtqwdfp,1
dtqwdr4,0
dtqwf0z,-1
dtqwfv7,1
dtqwhpu,-1
dtqwkjs,-1
dtqwma3,-1
dtqwmss,-1
dtqwnrl,0
dtqwp0v,1
dtqwr8t,-1
dtqwrzi,0
dtqwtd8,0
dtqwu1p,0
dtqwx1p,-1
dtqx1h3,0
dtqx3nk,-1
dtqx40o,0
dtqx4ch,0
dtqx7wb,0
dtqx88z,0
dtqxc67,0
dtqxgke,1
dtqxh5m,-1
dtqxhji,-1
dtqxi9i,1
dtqxjck,1
dtqxjz0,1
dtqxkuc,0
dtqxm2b,-1
dtqxmr8,0
dtqxnme,0
dtqxnw3,-1
dtqxo5g,0
dtqxo90,0
dtqxpji,-1
dtqxpla,-1
dtqxqhg,-1
dtqxshl,0
dtqxsia,1
dtqxtnk,-1
dtqxup3,-1
dtqxw2l,1
dtqxwkc,-1
dtqxxdq,0
dtqxxo9,-1
dtqxzi5,0
dtqy0e1,-1
dtqy0fw,-1
dtqy0px,-1
dtqy19o,0
dtqy1rr,0
dtqy1z4,0
dtqy2ec,1
dtqy3lu,-1
dtqy3u6,1
dtqy40w,0
dtqy47e,-1
dtqy4ii,0
dtqy4x7,-1
dtqy56f,0
dtqy58g,0
dtqy5pm,0
dtqy5sh,0
dtqy6ly,-1
dtqy75f,0
dtqy7xu,1
dtqyali,-1
dtqyb0v,1
dtqybcb,-1
dtqybmc,1
dtqybpv,-1
dtqyc7a,-1
dtqydbb,-1
dtqye64,1
dtqyejm,-1
dtqyer1,-1
dtqyfoc,-1
dtqyfoo,0
dtqygji,-1
dtqyh1z,-1
dtqyhhe,-1
dtqyhjy,-1
dtqyhsd,1
dtqyi1y,0
dtqyigi,-1
dtqyjxh,0
dtqyjya,0
dtqylax,1
dtqymjk,1
dtqymuv,1
dtqyni7,1
dtqyo47,1
dtqyoat,-1
dtqyp4s,1
dtqypac,1
dtqypfp,1
dtqyptl,0
dtqyq61,-1
dtqyqbi,-1
dtqyqei,-1
dtqyqn1,-1
dtqyrhn,-1
dtqyrx4,-1
dtqys29,-1
dtqysce,-1
dtqysfk,-1
dtqysjj,-1
dtqyt4u,-1
dtqytcn,-1
dtqyv6t,1
dtqyv8r,1
dtqyvtk,1
dtqyw0j,0
dtqyw5c,1
dtqywkj,-1
dtqywu7,-1
dtqyxhz,-1
dtqyxln,-1
dtqyxp2,-1
dtqyy0g,-1
dtqyy2c,-1
dtqyy2f,-1
dtqyycm,0
dtqyyhy,0
dtqyyu4,-1
dtqyzko,1
dtqz08n,-1
dtqz0k1,0
dtqz0ng,-1
dtqz11q,-1
dtqz2ig,-1
dtqz2md,0
dtqz33c,-1
dtqz38e,-1
dtqz3cg,-1
dtqz3dt,1
dtqz3ko,1
dtqz3l6,0
dtqz3ll,-1
dtqz3rq,-1
dtqz40b,-1
dtqz4pz,0
dtqz5ka,0
dtqz7dw,0
dtqz7ke,-1
dtqz875,-1
dtqz88d,-1
dtqz89e,-1
dtqz8ee,-1
dtqz8ef,-1
dtqz8gd,1
dtqz8n5,-1
dtqz9jp,1
dtqz9x7,-1
dtqza4f,1
dtqzafi,-1
dtqzb9l,0
dtqzbva,-1
dtqzcth,0
dtqzcyu,-1
dtqzggu,0
dtqzhbv,1
dtqzjyp,-1
dtqzk82,-1
dtqzkr8,0
dtqzlap,1
dtqzlx5,-1
dtqzm0n,0
dtqzmmi,-1
dtqzmqo,0
dtqzmxv,0
dtqzn81,1
dtqznzm,1
dtqzo40,-1
dtqzob8,0
dtqzokq,-1
dtqzorf,-1
dtqzp4a,0
dtqzphl,1
dtqzpze,-1
dtqzrik,0
dtqzrwv,1
dtqzsdh,0
dtqzt5t,-1
dtqzudl,0
dtqzudm,0
dtqzudw,0
dtqzugs,0
dtqzv7x,-1
dtqzvr1,1
dtqzw4i,-1
dtqzxgf,1
dtqzyks,0
dtqzyrl,-1
dtr00ir,1
dtr01nz,-1
dtr02ot,-1
dtr0332,0
dtr03rw,1
dtr03zm,-1
dtr04lu,1
dtr04n2,1
dtr0525,-1
dtr056d,1
dtr0591,-1
dtr05mt,1
dtr05ux,1
dtr05va,1
dtr064r,1
dtr06h4,-1
dtr06mu,1
dtr06ve,1
dtr06z0,0
dtr07cp,-1
dtr07kt,-1
dtr09tw,-1
dtr0ad6,1
dtr0aet,-1
dtr0b3r,-1
dtr0c6b,-1
dtr0d3l,0
dtr0e87,0
dtr0f26,-1
dtr0fj4,1
dtr0fvs,1
dtr0g2x,1
dtr0gbx,1
dtr0gd9,-1
dtr0h9j,-1
dtr0hmq,0
dtr0hvm,-1
dtr0hwv,0
dtr0ir4,-1
dtr0jfd,0
dtr0jrw,0
dtr0kxi,0
dtr0l7y,1
dtr0lct,0
dtr0ms0,1
dtr0nv0,-1
dtr0ofn,-1
dtr0orb,1
dtr0ozt,0
dtr0q5x,0
dtr0q9m,-1
dtr0qgr,-1
dtr0qz7,-1
dtr0r74,1
dtr0rly,1
dtr0s0w,-1
dtr0t3f,1
dtr0tc2,-1
dtr0tj6,0
dtr0w3a,0
dtr0wis,1
dtr0wjh,1
dtr0wth,-1
dtr0xp9,1
dtr105q,-1
dtr108k,1
dtr10h5,1
dtr10ps,1
dtr115e,-1
dtr11yj,-1
dtr13sa,1
dtr14c1,-1
dtr14f4,-1
dtr14zb,-1
dtr154i,1
dtr15ai,-1
dtr16i5,0
dtr1724,-1
dtr1918,-1
dtr19k6,-1
dtr19n7,1
dtr1b2j,-1
dtr1ba6,-1
dtr1ble,-1
dtr1c3g,1
dtr1dhq,0
dtr1g3k,1
dtr1hce,0
dtr1hhx,-1
dtr1hp0,1
dtr1i06,1
dtr1jqu,1
dtr1k4q,1
dtr1kvr,1
dtr1lul,-1
dtr1lxq,-1
dtr1o47,1
dtr1qw7,1
dtr1r3p,-1
dtr1rku,1
dtr1s2r,1
dtr1ts8,1
dtr1uf1,1
dtr1usv,-1
dtr1uwe,-1
dtr1v3g,1
dtr1vca,1
dtr1vgs,0
dtr1vt7,-1
dtr1w4v,-1
dtr1w9m,1
dtr1wja,-1
dtr1wnm,0
dtr1xl6,-1
dtr1y1s,0
dtr1yr3,1
dtr1zt2,1
dtr1zuj,-1
dtr202y,1
dtr22t1,-1
dtr237m,-1
dtr23xl,-1
dtr24fw,-1
dtr24hz,0
dtr24ie,1
dtr24nj,1
dtr24tb,0
dtr24vf,1
dtr255y,1
dtr25bs,-1
dtr25fv,1
dtr25g2,1
dtr25gb,-1
dtr25if,0
dtr25lp,0
dtr26a1,0
dtr26ku,-1
dtr26m4,-1
dtr26on,-1
dtr26sp,0
dtr26z6,-1
dtr2789,-1
dtr27fk,0
dtr27ij,-1
dtr27j4,1
dtr27yf,-1
dtr27zn,0
dtr288m,-1
dtr288s,0
dtr28kl,-1
dtr28q6,-1
dtr28xa,0
dtr290e,-1
dtr2a08,-1
dtqrsy2,1
dtqrszu,0
dtqrt2b,1
dtqrtch,1
dtqru36,1
dtqruba,1
dtqrumz,-1
dtqruoe,0
dtqruvi,-1
dtqrvy3,0
dtqrx2r,1
dtqrx9j,-1
dtqs0g8,-1
dtqs0gp,0
dtqs10b,-1
dtqs12z,-1
dtqs1ej,-1
dtqs2xe,-1
dtqs34m,0
dtqs8ze,-1
dtqsas5,1
dtqsaxe,1
dtqsb7x,-1
dtqsblf,1
dtqsby8,-1
dtqsctw,1
dtqsdiz,1
dtqsdrw,1
dtqsdtg,0
dtqsdtr,1
dtqsdxb,0
dtqse0z,0
dtqsekd,0
dtqsgky,-1
dtqsh40,0
dtqsh8i,-1
dtqshsj,-1
dtqsigq,-1
dtqsitr,0
dtqsj61,-1
dtqsjfa,1
dtqsjh1,-1
dtqskec,-1
dtqskfb,0
dtqskgh,-1
dtqslc7,0
dtqsmxl,-1
dtqsnkn,1
dtqsop2,-1
dtqspz4,0
dtqsrgh,0
dtqsue5,1
dtqsva1,1
dtqsvjk,-1
dtqsvu1,-1
dtqsw76,-1
dtqswd9,-1
dtqswlr,-1
dtqswy8,0
dtqsxfj,-1
dtqsxn7,-1
dtqsxoc,0
dtqsxwn,1
dtqsy88,1
dtqszyj,-1
dtqt09k,0
dtqt0dl,0
dtqt0fc,-1
dtqt104,-1
dtqt15n,-1
dtqt1f0,-1
dtqt1yb,1
dtqt2b0,0
dtqt33l,0
dtqt3ap,-1
dtqt3ej,0
dtqt3wq,-1
dtqt4h5,0
dtqt4wi,0
dtqt56k,-1
dtqt62j,-1
dtqt62r,1
dtqt6fx,-1
dtqt6p7,1
dtqt6zz,-1
dtqt8pv,-1
dtqt8zy,-1
dtqt97q,1
dtqt9hj,-1
dtqta5u,-1
dtqtaeo,-1
dtqtaj4,0
dtqtaos,-1
dtqtap9,-1
dtqtb2n,-1
dtqtbua,1
dtqtc1i,1
dtqtdf1,0
dtqtew8,-1
dtqtey1,1
dtqtfwn,-1
dtqtg3q,0
dtqthve,0
dtqtizj,0
dtqtjfv,0
dtqtjwa,-1
dtqtkpi,1
dtqtksg,0
dtqtlay,1
dtqtlpb,-1
dtqtm0c,1
dtqtmap,1
dtqtmqe,1
dtqtnk5,-1
dtqtnqb,-1
dtqto5j,1
dtqtogq,-1
dtqtokj,-1
dtqtorl,-1
dtqtozk,0
dtqtp6i,0
dtqtp7k,-1
dtqtpn4,-1
dtqtqg4,-1
dtqtqoi,1
dtqtqoq,1
dtqtqyv,1
dtqtrfg,1
dtqtrjm,1
dtqtrjn,0
dtqts8b,-1
dtqts97,0
dtqtsjd,0
dtqtsjg,-1
dtqtsyj,0
dtqtszp,0
dtqtty2,-1
dtqtuw3,1
dtqtv2w,-1
dtqtvix,0
dtqtw1w,0
dtqtwu3,-1
dtqty0e,1
dtqty19,-1
dtqty3k,-1
dtqtzmi,-1
dtqu07a,-1
dtqu11p,0
dtqu1jy,0
dtqu1v3,-1
dtqu2b7,-1
dtqu2s0,-1
dtqu4bh,0
dtqu5cr,0
dtqu5yj,0
dtqu60o,1
dtqu6rl,-1
dtqu7bd,0
dtqu7cw,0
dtqu7eg,0
dtqu8at,0
dtqu8ci,-1
dtqu8tg,0
dtqu8v0,0
dtqucun,-1
dtqud8k,0
dtque08,1
dtque7l,-1
dtquein,1
dtquenk,1
dtquff3,-1
dtquffp,0
dtquic0,-1
dtquj0n,-1
dtquktw,-1
dtqum8e,0
dtqumq4,-1
dtqumzm,1
dtqun8o,0
dtqunu4,-1
dtquo23,0
dtqup65,-1
dtquphi,-1
dtquuqb,1
dtquv43,1
dtquv4s,-1
dtquvvj,-1
dtquvyd,-1
dtquw2h,1
dtquw6a,-1
dtquxk0,-1
dtquy15,-1
dtquy4z,0
dtquyrk,0
dtquyru,-1
dtquyzk,-1
dtquzsx,0
dtqv0nh,1
dtqv0nm,1
dtqv0p6,-1
dtqv10g,-1
dtqv37z,0
dtqv3rc,0
dtqv44p,1
dtqv4ax,0
dtqv4cl,0
dtqv4m6,1
dtqv4vo,1
dtqv75r,0
dtqv7jv,-1
dtqv88p,-1
dtqvafh,-1
dtqvbih,1
dtqvbmo,0
dtqvcbs,0
dtqvckf,1
dtqvclo,-1
dtqvg26,0
dtqvg5r,0
dtqvgf5,0
dtqvgm2,1
dtqvgpe,-1
dtqvhkf,-1
dtqvhrr,-1
dtqvhv0,1
dtqvij2,0
dtr2app,-1
dtr2az2,0
dtr2azl,-1
dtr2b1l,-1
dtr2bww,0
dtr2c6i,0
dtr2cd7,0
dtr2chs,-1
dtr2ci2,0
dtr2ctx,0
dtr2cz1,0
dtr2d8l,1
dtr2dc6,-1
dtr2dg0,1
dtr2djo,-1
dtr2dsi,1
dtr2e6w,0
dtr2ede,1
dtr2eof,1
dtr2etc,1
dtr2eu1,-1
dtr2f5i,1
dtr2fc1,-1
dtr2fhj,-1
dtr2fn3,-1
dtr2g00,-1
dtr2gfs,-1
dtr2gmr,0
dtr2h4b,-1
dtr2h80,-1
dtr2h9d,0
dtr2hcr,-1
dtr2ip7,-1
dtr2itm,-1
dtr2iwo,-1
dtr2j2a,-1
dtr2jcj,0
dtr2jky,-1
dtr2jp2,0
dtr2jx6,0
dtr2k9a,0
dtr2kqg,-1
dtr2kuu,0
dtr2l45,-1
dtr2lv4,1
dtr2mir,1
dtr2mku,0
dtr2moe,0
dtr2mtb,1
dtr2mym,1
dtr2n0v,-1
dtr2n7g,1
dtr2nfr,1
dtr2nwo,1
dtr2o02,-1
dtr2o03,1
dtr2o4b,1
dtr2osu,1
dtr2ox8,-1
dtr2ozr,1
dtr2p64,-1
dtr2pfh,1
dtr2phr,1
dtr2pj4,0
dtr2pjt,1
dtr2poj,1
dtr2q8c,0
dtr2qj6,1
dtr2qkj,-1
dtr2qle,1
dtr2qui,-1
dtr2r1h,1
dtr2rkb,1
dtr2rp6,-1
dtr2rv1,1
dtr2s6j,1
dtr2sn3,-1
dtr2stb,1
dtr2toa,0
dtr2tx4,0
dtr2uh1,-1
dtr2uh9,-1
dtr2uil,0
dtr2up7,0
dtr2uwz,-1
dtr2v3c,0
dtr2vd0,1
dtr2vd3,1
dtr2vp0,0
dtr2wtt,1
dtr2wx4,-1
dtr2x0n,1
dtr2xqe,0
dtr2y2m,-1
dtr2yeh,0
dtr2yr5,-1
dtr2zug,1
dtr2zzt,1
dtr304n,-1
dtr30en,-1
dtr30tw,-1
dtr31e4,1
dtr31o3,1
dtr329k,0
dtr32gn,-1
dtr32gy,-1
dtr32kd,1
dtr32p4,0
dtr33zp,-1
dtr344g,1
dtr345c,0
dtr34ed,-1
dtr34yg,-1
dtr35nj,1
dtr35zk,1
dtr36r7,-1
dtr37cc,1
dtr37hj,0
dtr38m4,-1
dtr39oc,1
dtr39qf,1
dtr3a9n,1
dtr3ah6,-1
dtr3arr,-1
dtr3asy,-1
dtr3ayj,1
dtr3b9w,0
dtr3biv,1
dtr3bt8,1
dtr3c3v,0
dtr3c94,1
dtr3ciz,-1
dtr3ck8,-1
dtr3cpq,-1
dtr3csa,1
dtr3e4e,0
dtr3g13,1
dtr3gxt,0
dtr3hd7,0
dtr3hng,1
dtr3hos,-1
dtr3hy3,-1
dtr3i96,1
dtr3iis,1
dtr3iiw,1
dtr3ilr,-1
dtr3iou,1
dtr3ipu,1
dtr3it7,-1
dtr3j3d,1
dtr3j8a,1
dtr3kid,1
dtr3ky8,1
dtr3kz5,1
dtr3l7n,1
dtr3m71,1
dtr3mj2,1
dtr3n0t,-1
dtr3nhx,1
dtr3o6f,-1
dtr3omo,1
dtr3oo0,1
dtr3ptc,1
dtr3s5u,-1
dtr3tca,1
dtr3yfv,-1
dtr3ym0,1
dtr3zg0,1
dtr3zsk,1
dtr40j2,-1
dtr43nd,-1
dtr443h,1
dtr454s,1
dtr45k2,1
dtr48f1,0
dtr48ft,1
dtr4jmh,1
dtr4vu3,0
dtr50p2,1
dtr58rz,1
